Workbook

Sheet HƯỚNG DẪN
B1: BẢNG TÍNH CHI PHÍ NUÔI CON TỪ 0–18 TUỔI
B2: Công cụ lập kế hoạch tài chính cho gia đình
B4: CÁCH SỬ DỤNG
B5: Bước 1 | C5: Vào sheet 📋 NHẬP THÔNG TIN → điền thông tin về con và gia đình (ô màu vàng)
B6: Bước 2 | C6: Chọn kịch bản: Thành phố lớn (HN/HCM) hay Tỉnh/TP vừa
B7: Bước 3 | C7: Xem kết quả tự động tại sheet 📊 KẾT QUẢ
B8: Bước 4 | C8: So sánh hai kịch bản tại sheet 🔍 SO SÁNH
B10: LƯU Ý QUAN TRỌNG
B11: Ô màu vàng | C11: Ô bạn cần điền / thay đổi
B12: Ô màu trắng | C12: Công thức tự tính, không sửa
B13: Lạm phát giả định | C13: 7%/năm (mức trung bình Việt Nam 10 năm gần đây)
B14: Chi phí học đại học | C14: Tính 4 năm, chưa bao gồm du học nước ngoài
B16: DANH MỤC CHI PHÍ
B17: Học phí | C17: Mầm non → Tiểu học → THCS → THPT → Đại học
B18: Sinh hoạt phí | C18: Ăn uống, quần áo, đi lại hàng ngày
B19: Học thêm / năng khiếu | C19: Tiếng Anh, năng khiếu, kỹ năng mềm
B20: Y tế | C20: Khám bệnh, vaccine, bảo hiểm sức khỏe
B21: Vui chơi / du lịch | C21: Sinh nhật, nghỉ hè, hoạt động gia đình
B22: Dự phòng | C22: Các chi phí phát sinh không dự kiến (10%)

Sheet 📋 NHẬP THÔNG TIN
B1: NHẬP THÔNG TIN GIA ĐÌNH
B2: Điền vào các ô màu vàng bên dưới
B4: THÔNG TIN VỀ CON
B5: Tuổi hiện tại của con (năm) | C5: 3 | E5: Nhập số từ 0 đến 17
B6: Giới tính | C6: Nam | E6: Nam / Nữ (nữ thường cao hơn ~5% chi phí)
B7: Mục tiêu học tập | C7: Đại học công lập | E7: Đại học công lập / Đại học tư / Du học
B9: THÔNG TIN TÀI CHÍNH GIA ĐÌNH
B10: Thu nhập hộ gia đình/tháng (đ) | C10: 25000000 | E10: Tổng thu nhập cả hai vợ chồng
B11: Đang tiết kiệm cho con/tháng (đ) | C11: 2000000 | E11: Số tiền đang để dành cho con mỗi tháng
B12: Quỹ đã có sẵn cho con (đ) | C12: 10000000 | E12: Tiền tiết kiệm đã có, hoặc 0 nếu chưa có
B14: GIẢ ĐỊNH (CÓ THỂ ĐIỀU CHỈNH)
B15: Tỷ lệ lạm phát/năm | C15: 0.07 | E15: Mặc định 7% — mức trung bình VN
B16: Lãi suất tiết kiệm/năm | C16: 0.065 | E16: Lãi suất gửi tiết kiệm (mặc định 6.5%)
B18: → Xem kết quả tính toán tại sheet: 📊 KẾT QUẢ | So sánh hai kịch bản tại: 🔍 SO SÁNH

Sheet 📊 KẾT QUẢ
B1: KẾT QUẢ TÍNH TOÁN CHI PHÍ NUÔI CON
C2: THÀNH PHỐ LỚN (HN/HCM) | F2: TỈNH / TP VỪA
B4: CHI PHÍ DỰ KIẾN THEO GIAI ĐOẠN (có tính lạm phát)
B5: Mầm non (0–5 tuổi) | C5: =MAX(0,5-MAX('📋 NHẬP THÔNG TIN'!C5,0)+1)*3500000*12*(1+'📋 NHẬP THÔNG TIN'!C15)^MAX(0,2.5-'📋 NHẬP THÔNG TIN'!C5) -> 126000000 | E5: Mầm non (0–5 tuổi) | F5: =MAX(0,5-MAX('📋 NHẬP THÔNG TIN'!C5,0)+1)*1800000*12*(1+'📋 NHẬP THÔNG TIN'!C15)^MAX(0,2.5-'📋 NHẬP THÔNG TIN'!C5) -> 64800000
B6: Tiểu học (6–10 tuổi) | C6: =MAX(0,10-MAX('📋 NHẬP THÔNG TIN'!C5,6)+1)*4200000*12*(1+'📋 NHẬP THÔNG TIN'!C15)^MAX(0,8-'📋 NHẬP THÔNG TIN'!C5) -> 3.5344304e+08 | E6: Tiểu học (6–10 tuổi) | F6: =MAX(0,10-MAX('📋 NHẬP THÔNG TIN'!C5,6)+1)*2200000*12*(1+'📋 NHẬP THÔNG TIN'!C15)^MAX(0,8-'📋 NHẬP THÔNG TIN'!C5) -> 1.8513683e+08
B7: THCS (11–14 tuổi) | C7: =MAX(0,14-MAX('📋 NHẬP THÔNG TIN'!C5,11)+1)*5000000*12*(1+'📋 NHẬP THÔNG TIN'!C15)^MAX(0,12.5-'📋 NHẬP THÔNG TIN'!C5) -> 4.5641208e+08 | E7: THCS (11–14 tuổi) | F7: =MAX(0,14-MAX('📋 NHẬP THÔNG TIN'!C5,11)+1)*2800000*12*(1+'📋 NHẬP THÔNG TIN'!C15)^MAX(0,12.5-'📋 NHẬP THÔNG TIN'!C5) -> 2.5559076e+08
B8: THPT (15–17 tuổi) | C8: =MAX(0,17-MAX('📋 NHẬP THÔNG TIN'!C5,15)+1)*6500000*12*(1+'📋 NHẬP THÔNG TIN'!C15)^MAX(0,16-'📋 NHẬP THÔNG TIN'!C5) -> 5.6390373e+08 | E8: THPT (15–17 tuổi) | F8: =MAX(0,17-MAX('📋 NHẬP THÔNG TIN'!C5,15)+1)*3500000*12*(1+'📋 NHẬP THÔNG TIN'!C15)^MAX(0,16-'📋 NHẬP THÔNG TIN'!C5) -> 3.0364047e+08
B9: Đại học (18–21 tuổi) | C9: =MAX(0,21-MAX('📋 NHẬP THÔNG TIN'!C5,18)+1)*9000000*12*(1+'📋 NHẬP THÔNG TIN'!C15)^MAX(0,19.5-'📋 NHẬP THÔNG TIN'!C5) -> 1.3192165e+09 | E9: Đại học (18–21 tuổi) | F9: =MAX(0,21-MAX('📋 NHẬP THÔNG TIN'!C5,18)+1)*5000000*12*(1+'📋 NHẬP THÔNG TIN'!C15)^MAX(0,19.5-'📋 NHẬP THÔNG TIN'!C5) -> 7.3289806e+08
B10: Cộng chi phí giai đoạn | C10: =SUM(C5,C6,C7,C8,C9) -> 2.8189754e+09 | E10: Cộng chi phí giai đoạn | F10: =SUM(F5,F6,F7,F8,F9) -> 1.5420661e+09
B11: Dự phòng phát sinh (10%) | C11: =C10*0.1 -> 2.8189754e+08 | E11: Dự phòng phát sinh (10%) | F11: =F10*0.1 -> 1.5420661e+08
B12: TỔNG CHI PHÍ ƯỚC TÍNH | C12: =C10+C11 -> 3.1008729e+09 | E12: TỔNG CHI PHÍ ƯỚC TÍNH | F12: =F10+F11 -> 1.6962727e+09
B14: KẾ HOẠCH TIẾT KIỆM CẦN THIẾT
B15: Số năm còn lại đến 18 tuổi | C15: =18-'📋 NHẬP THÔNG TIN'!C5 -> 15 | E15: Số năm còn lại đến 18 tuổi | F15: =18-'📋 NHẬP THÔNG TIN'!C5 -> 15
B16: Giá trị quỹ hiện tại (tương lai) | C16: ='📋 NHẬP THÔNG TIN'!C12*(1+'📋 NHẬP THÔNG TIN'!C16)^(18-'📋 NHẬP THÔNG TIN'!C5) -> 25718410 | E16: Giá trị quỹ hiện tại (tương lai) | F16: ='📋 NHẬP THÔNG TIN'!C12*(1+'📋 NHẬP THÔNG TIN'!C16)^(18-'📋 NHẬP THÔNG TIN'!C5) -> 25718410
B17: Giá trị tiết kiệm hàng tháng (tương lai) | C17: ='📋 NHẬP THÔNG TIN'!C11*12*((1+'📋 NHẬP THÔNG TIN'!C16)^(18-'📋 NHẬP THÔNG TIN'!C5)-1)/'📋 NHẬP THÔNG TIN'!C16 -> 5.8037206e+08 | E17: Giá trị tiết kiệm hàng tháng (tương lai) | F17: ='📋 NHẬP THÔNG TIN'!C11*12*((1+'📋 NHẬP THÔNG TIN'!C16)^(18-'📋 NHẬP THÔNG TIN'!C5)-1)/'📋 NHẬP THÔNG TIN'!C16 -> 5.8037206e+08
B18: Tổng dự kiến tích lũy được | C18: =C16+C17 -> 6.0609047e+08 | E18: Tổng dự kiến tích lũy được | F18: =F16+F17 -> 6.0609047e+08
B19: KHOẢNG THIẾU HỤT (nếu có) | C19: =C12-C18 -> 2.4947824e+09 | E19: KHOẢNG THIẾU HỤT (nếu có) | F19: =F12-F18 -> 1.0901823e+09
B20: CẦN TIẾT KIỆM THÊM MỖI THÁNG
B21: Số tiền cần để dành thêm/tháng | C21: =IF(C19>0, C19/((18-'📋 NHẬP THÔNG TIN'!C5)*12), 0) -> 13859902 | E21: Số tiền cần để dành thêm/tháng | F21: =IF(F19>0, F19/((18-'📋 NHẬP THÔNG TIN'!C5)*12), 0) -> 6056568.1
B22: % thu nhập cần dành cho con | C22: =IF('📋 NHẬP THÔNG TIN'!C10>0,(C21+'📋 NHẬP THÔNG TIN'!C11)/'📋 NHẬP THÔNG TIN'!C10,0) -> 0.63439609 | E22: % thu nhập cần dành cho con | F22: =IF('📋 NHẬP THÔNG TIN'!C10>0,(F21+'📋 NHẬP THÔNG TIN'!C11)/'📋 NHẬP THÔNG TIN'!C10,0) -> 0.32226273
B24: * Số liệu mang tính ước tính dựa trên chi phí trung bình thị trường. Liên hệ chuyên viên tư vấn để có kế hoạch cá nhân hóa phù hợp.

Sheet 🔍 SO SÁNH
B1: SO SÁNH HAI KỊCH BẢN
B2: HẠNG MỤC | C2: THÀNH PHỐ LỚN | D2: TỈNH / TP VỪA | E2: CHÊNH LỆCH
B3: Tổng chi phí ước tính | C3: ='📊 KẾT QUẢ'!C12 -> 3.1008729e+09 | D3: ='📊 KẾT QUẢ'!F12 -> 1.6962727e+09 | E3: =C3-D3 -> 1.4046002e+09
B4: Tổng tích lũy dự kiến | C4: ='📊 KẾT QUẢ'!C18 -> 6.0609047e+08 | D4: ='📊 KẾT QUẢ'!F18 -> 6.0609047e+08 | E4: =C4-D4 -> 0
B5: Khoảng thiếu hụt | C5: ='📊 KẾT QUẢ'!C19 -> 2.4947824e+09 | D5: ='📊 KẾT QUẢ'!F19 -> 1.0901823e+09 | E5: =C5-D5 -> 1.4046002e+09
B6: Cần để dành thêm/tháng | C6: ='📊 KẾT QUẢ'!C21 -> 13859902 | D6: ='📊 KẾT QUẢ'!F21 -> 6056568.1 | E6: =C6-D6 -> 7803334.2
B7: % thu nhập cần dành cho con | C7: ='📊 KẾT QUẢ'!C22 -> 0.63439609 | D7: ='📊 KẾT QUẢ'!F22 -> 0.32226273 | E7: =C7-D7 -> 0.31213337
B10: NHẬN XÉT NHANH
B11: • Chi phí tại thành phố lớn thường cao hơn tỉnh/TP vừa khoảng 50–80%.
B12: • Học phí trường tư và học thêm là khoản biến động lớn nhất.
B13: • Bắt đầu tiết kiệm sớm từ lúc con còn nhỏ giúp giảm áp lực đáng kể.
B14: • Lạm phát 7%/năm khiến chi phí tăng gấp đôi sau ~10 năm.
B15: • Kết hợp tiết kiệm + bảo hiểm nhân thọ giúp bảo vệ quỹ giáo dục toàn diện hơn.
